Function,x,n,time_microseconds
Naive,1,1,0
UnoptimizedDC,1,1,0
OptimizedDC,1,1,0
Naive,1,1,0
UnoptimizedDC,1,1,0
OptimizedDC,1,1,0
Naive,1,1,0
UnoptimizedDC,1,1,0
OptimizedDC,1,1,0
Naive,1,1,0
UnoptimizedDC,1,1,0
OptimizedDC,1,1,0
Naive,1,1,0
UnoptimizedDC,1,1,0
OptimizedDC,1,1,0
Naive,1,1,0
UnoptimizedDC,1,1,0
OptimizedDC,1,1,0
Naive,1,1,0
UnoptimizedDC,1,1,0
OptimizedDC,1,1,0
Naive,1,1,0
UnoptimizedDC,1,1,0
OptimizedDC,1,1,0
Naive,1,1,0
UnoptimizedDC,1,1,0
OptimizedDC,1,1,0
Naive,1,1,0
UnoptimizedDC,1,1,0
OptimizedDC,1,1,0
Naive,1,2,0
UnoptimizedDC,1,2,0
OptimizedDC,1,2,0
Naive,1,2,0
UnoptimizedDC,1,2,0
OptimizedDC,1,2,0
Naive,1,2,0
UnoptimizedDC,1,2,0
OptimizedDC,1,2,0
Naive,1,2,0
UnoptimizedDC,1,2,0
OptimizedDC,1,2,0
Naive,1,2,0
UnoptimizedDC,1,2,0
OptimizedDC,1,2,0
Naive,1,2,0
UnoptimizedDC,1,2,0
OptimizedDC,1,2,0
Naive,1,2,0
UnoptimizedDC,1,2,0
OptimizedDC,1,2,0
Naive,1,2,0
UnoptimizedDC,1,2,0
OptimizedDC,1,2,0
Naive,1,2,0
UnoptimizedDC,1,2,0
OptimizedDC,1,2,0
Naive,1,2,0
UnoptimizedDC,1,2,0
OptimizedDC,1,2,0
Naive,1,3,0
UnoptimizedDC,1,3,0
OptimizedDC,1,3,0
Naive,1,3,0
UnoptimizedDC,1,3,0
OptimizedDC,1,3,0
Naive,1,3,0
UnoptimizedDC,1,3,0
OptimizedDC,1,3,0
Naive,1,3,0
UnoptimizedDC,1,3,0
OptimizedDC,1,3,0
Naive,1,3,0
UnoptimizedDC,1,3,0
OptimizedDC,1,3,0
Naive,1,3,0
UnoptimizedDC,1,3,0
OptimizedDC,1,3,0
Naive,1,3,0
UnoptimizedDC,1,3,0
OptimizedDC,1,3,0
Naive,1,3,0
UnoptimizedDC,1,3,0
OptimizedDC,1,3,0
Naive,1,3,0
UnoptimizedDC,1,3,0
OptimizedDC,1,3,0
Naive,1,3,0
UnoptimizedDC,1,3,0
OptimizedDC,1,3,0
Naive,1,4,0
UnoptimizedDC,1,4,0
OptimizedDC,1,4,0
Naive,1,4,0
UnoptimizedDC,1,4,0
OptimizedDC,1,4,0
Naive,1,4,0
UnoptimizedDC,1,4,0
OptimizedDC,1,4,0
Naive,1,4,0
UnoptimizedDC,1,4,0
OptimizedDC,1,4,0
Naive,1,4,0
UnoptimizedDC,1,4,0
OptimizedDC,1,4,0
Naive,1,4,0
UnoptimizedDC,1,4,0
OptimizedDC,1,4,0
Naive,1,4,0
UnoptimizedDC,1,4,0
OptimizedDC,1,4,0
Naive,1,4,0
UnoptimizedDC,1,4,0
OptimizedDC,1,4,0
Naive,1,4,0
UnoptimizedDC,1,4,0
OptimizedDC,1,4,0
Naive,1,4,0
UnoptimizedDC,1,4,0
OptimizedDC,1,4,0
Naive,1,5,0
UnoptimizedDC,1,5,0
OptimizedDC,1,5,0
Naive,1,5,0
UnoptimizedDC,1,5,0
OptimizedDC,1,5,0
Naive,1,5,0
UnoptimizedDC,1,5,0
OptimizedDC,1,5,0
Naive,1,5,0
UnoptimizedDC,1,5,0
OptimizedDC,1,5,0
Naive,1,5,0
UnoptimizedDC,1,5,0
OptimizedDC,1,5,0
Naive,1,5,0
UnoptimizedDC,1,5,0
OptimizedDC,1,5,0
Naive,1,5,0
UnoptimizedDC,1,5,0
OptimizedDC,1,5,0
Naive,1,5,0
UnoptimizedDC,1,5,0
OptimizedDC,1,5,0
Naive,1,5,0
UnoptimizedDC,1,5,0
OptimizedDC,1,5,0
Naive,1,5,0
UnoptimizedDC,1,5,0
OptimizedDC,1,5,0
Naive,1,6,0
UnoptimizedDC,1,6,0
OptimizedDC,1,6,0
Naive,1,6,0
UnoptimizedDC,1,6,0
OptimizedDC,1,6,0
Naive,1,6,0
UnoptimizedDC,1,6,0
OptimizedDC,1,6,0
Naive,1,6,0
UnoptimizedDC,1,6,0
OptimizedDC,1,6,0
Naive,1,6,0
UnoptimizedDC,1,6,0
OptimizedDC,1,6,0
Naive,1,6,0
UnoptimizedDC,1,6,0
OptimizedDC,1,6,0
Naive,1,6,0
UnoptimizedDC,1,6,0
OptimizedDC,1,6,0
Naive,1,6,0
UnoptimizedDC,1,6,0
OptimizedDC,1,6,0
Naive,1,6,0
UnoptimizedDC,1,6,0
OptimizedDC,1,6,0
Naive,1,6,0
UnoptimizedDC,1,6,0
OptimizedDC,1,6,0
Naive,1,7,0
UnoptimizedDC,1,7,0
OptimizedDC,1,7,0
Naive,1,7,0
UnoptimizedDC,1,7,0
OptimizedDC,1,7,0
Naive,1,7,0
UnoptimizedDC,1,7,0
OptimizedDC,1,7,0
Naive,1,7,0
UnoptimizedDC,1,7,0
OptimizedDC,1,7,0
Naive,1,7,0
UnoptimizedDC,1,7,0
OptimizedDC,1,7,0
Naive,1,7,0
UnoptimizedDC,1,7,0
OptimizedDC,1,7,0
Naive,1,7,0
UnoptimizedDC,1,7,0
OptimizedDC,1,7,0
Naive,1,7,0
UnoptimizedDC,1,7,0
OptimizedDC,1,7,0
Naive,1,7,0
UnoptimizedDC,1,7,0
OptimizedDC,1,7,0
Naive,1,7,0
UnoptimizedDC,1,7,0
OptimizedDC,1,7,0
Naive,1,8,0
UnoptimizedDC,1,8,0
OptimizedDC,1,8,0
Naive,1,8,0
UnoptimizedDC,1,8,0
OptimizedDC,1,8,0
Naive,1,8,0
UnoptimizedDC,1,8,0
OptimizedDC,1,8,0
Naive,1,8,0
UnoptimizedDC,1,8,0
OptimizedDC,1,8,0
Naive,1,8,0
UnoptimizedDC,1,8,0
OptimizedDC,1,8,0
Naive,1,8,0
UnoptimizedDC,1,8,0
OptimizedDC,1,8,0
Naive,1,8,0
UnoptimizedDC,1,8,0
OptimizedDC,1,8,0
Naive,1,8,0
UnoptimizedDC,1,8,0
OptimizedDC,1,8,0
Naive,1,8,0
UnoptimizedDC,1,8,0
OptimizedDC,1,8,0
Naive,1,8,0
UnoptimizedDC,1,8,0
OptimizedDC,1,8,0
Naive,1,9,0
UnoptimizedDC,1,9,0
OptimizedDC,1,9,0
Naive,1,9,0
UnoptimizedDC,1,9,0
OptimizedDC,1,9,0
Naive,1,9,0
UnoptimizedDC,1,9,0
OptimizedDC,1,9,0
Naive,1,9,0
UnoptimizedDC,1,9,0
OptimizedDC,1,9,0
Naive,1,9,0
UnoptimizedDC,1,9,0
OptimizedDC,1,9,0
Naive,1,9,0
UnoptimizedDC,1,9,0
OptimizedDC,1,9,0
Naive,1,9,0
UnoptimizedDC,1,9,0
OptimizedDC,1,9,0
Naive,1,9,0
UnoptimizedDC,1,9,0
OptimizedDC,1,9,0
Naive,1,9,0
UnoptimizedDC,1,9,0
OptimizedDC,1,9,0
Naive,1,9,0
UnoptimizedDC,1,9,0
OptimizedDC,1,9,0
Naive,1,10,0
UnoptimizedDC,1,10,0
OptimizedDC,1,10,0
Naive,1,10,0
UnoptimizedDC,1,10,0
OptimizedDC,1,10,0
Naive,1,10,0
UnoptimizedDC,1,10,0
OptimizedDC,1,10,0
Naive,1,10,0
UnoptimizedDC,1,10,0
OptimizedDC,1,10,0
Naive,1,10,0
UnoptimizedDC,1,10,0
OptimizedDC,1,10,0
Naive,1,10,0
UnoptimizedDC,1,10,0
OptimizedDC,1,10,0
Naive,1,10,0
UnoptimizedDC,1,10,0
OptimizedDC,1,10,0
Naive,1,10,0
UnoptimizedDC,1,10,0
OptimizedDC,1,10,0
Naive,1,10,0
UnoptimizedDC,1,10,0
OptimizedDC,1,10,0
Naive,1,10,0
UnoptimizedDC,1,10,0
OptimizedDC,1,10,0
Naive,2,1,0
UnoptimizedDC,2,1,0
OptimizedDC,2,1,0
Naive,2,1,0
UnoptimizedDC,2,1,0
OptimizedDC,2,1,0
Naive,2,1,0
UnoptimizedDC,2,1,0
OptimizedDC,2,1,0
Naive,2,1,0
UnoptimizedDC,2,1,0
OptimizedDC,2,1,0
Naive,2,1,0
UnoptimizedDC,2,1,0
OptimizedDC,2,1,0
Naive,2,1,0
UnoptimizedDC,2,1,0
OptimizedDC,2,1,0
Naive,2,1,0
UnoptimizedDC,2,1,0
OptimizedDC,2,1,0
Naive,2,1,0
UnoptimizedDC,2,1,0
OptimizedDC,2,1,0
Naive,2,1,0
UnoptimizedDC,2,1,0
OptimizedDC,2,1,0
Naive,2,1,0
UnoptimizedDC,2,1,0
OptimizedDC,2,1,0
Naive,2,2,0
UnoptimizedDC,2,2,0
OptimizedDC,2,2,0
Naive,2,2,0
UnoptimizedDC,2,2,0
OptimizedDC,2,2,0
Naive,2,2,0
UnoptimizedDC,2,2,0
OptimizedDC,2,2,0
Naive,2,2,0
UnoptimizedDC,2,2,0
OptimizedDC,2,2,0
Naive,2,2,0
UnoptimizedDC,2,2,0
OptimizedDC,2,2,0
Naive,2,2,0
UnoptimizedDC,2,2,0
OptimizedDC,2,2,0
Naive,2,2,0
UnoptimizedDC,2,2,0
OptimizedDC,2,2,0
Naive,2,2,0
UnoptimizedDC,2,2,0
OptimizedDC,2,2,0
Naive,2,2,0
UnoptimizedDC,2,2,0
OptimizedDC,2,2,0
Naive,2,2,0
UnoptimizedDC,2,2,0
OptimizedDC,2,2,0
Naive,2,3,0
UnoptimizedDC,2,3,0
OptimizedDC,2,3,0
Naive,2,3,0
UnoptimizedDC,2,3,0
OptimizedDC,2,3,0
Naive,2,3,0
UnoptimizedDC,2,3,0
OptimizedDC,2,3,0
Naive,2,3,0
UnoptimizedDC,2,3,0
OptimizedDC,2,3,0
Naive,2,3,0
UnoptimizedDC,2,3,0
OptimizedDC,2,3,0
Naive,2,3,0
UnoptimizedDC,2,3,0
OptimizedDC,2,3,0
Naive,2,3,0
UnoptimizedDC,2,3,0
OptimizedDC,2,3,0
Naive,2,3,0
UnoptimizedDC,2,3,0
OptimizedDC,2,3,0
Naive,2,3,0
UnoptimizedDC,2,3,0
OptimizedDC,2,3,0
Naive,2,3,0
UnoptimizedDC,2,3,0
OptimizedDC,2,3,0
Naive,2,4,0
UnoptimizedDC,2,4,0
OptimizedDC,2,4,0
Naive,2,4,0
UnoptimizedDC,2,4,0
OptimizedDC,2,4,0
Naive,2,4,0
UnoptimizedDC,2,4,0
OptimizedDC,2,4,0
Naive,2,4,0
UnoptimizedDC,2,4,0
OptimizedDC,2,4,0
Naive,2,4,0
UnoptimizedDC,2,4,0
OptimizedDC,2,4,0
Naive,2,4,0
UnoptimizedDC,2,4,0
OptimizedDC,2,4,0
Naive,2,4,0
UnoptimizedDC,2,4,0
OptimizedDC,2,4,0
Naive,2,4,0
UnoptimizedDC,2,4,0
OptimizedDC,2,4,0
Naive,2,4,0
UnoptimizedDC,2,4,0
OptimizedDC,2,4,0
Naive,2,4,0
UnoptimizedDC,2,4,0
OptimizedDC,2,4,0
Naive,2,5,0
UnoptimizedDC,2,5,0
OptimizedDC,2,5,0
Naive,2,5,0
UnoptimizedDC,2,5,0
OptimizedDC,2,5,0
Naive,2,5,0
UnoptimizedDC,2,5,0
OptimizedDC,2,5,0
Naive,2,5,0
UnoptimizedDC,2,5,0
OptimizedDC,2,5,0
Naive,2,5,0
UnoptimizedDC,2,5,0
OptimizedDC,2,5,0
Naive,2,5,0
UnoptimizedDC,2,5,0
OptimizedDC,2,5,0
Naive,2,5,0
UnoptimizedDC,2,5,0
OptimizedDC,2,5,0
Naive,2,5,0
UnoptimizedDC,2,5,0
OptimizedDC,2,5,0
Naive,2,5,0
UnoptimizedDC,2,5,0
OptimizedDC,2,5,0
Naive,2,5,0
UnoptimizedDC,2,5,0
OptimizedDC,2,5,0
Naive,2,6,0
UnoptimizedDC,2,6,0
OptimizedDC,2,6,0
Naive,2,6,0
UnoptimizedDC,2,6,0
OptimizedDC,2,6,0
Naive,2,6,0
UnoptimizedDC,2,6,0
OptimizedDC,2,6,0
Naive,2,6,0
UnoptimizedDC,2,6,0
OptimizedDC,2,6,0
Naive,2,6,0
UnoptimizedDC,2,6,0
OptimizedDC,2,6,0
Naive,2,6,0
UnoptimizedDC,2,6,0
OptimizedDC,2,6,0
Naive,2,6,0
UnoptimizedDC,2,6,0
OptimizedDC,2,6,0
Naive,2,6,0
UnoptimizedDC,2,6,0
OptimizedDC,2,6,0
Naive,2,6,0
UnoptimizedDC,2,6,0
OptimizedDC,2,6,0
Naive,2,6,0
UnoptimizedDC,2,6,0
OptimizedDC,2,6,0
Naive,2,7,0
UnoptimizedDC,2,7,0
OptimizedDC,2,7,0
Naive,2,7,0
UnoptimizedDC,2,7,0
OptimizedDC,2,7,0
Naive,2,7,0
UnoptimizedDC,2,7,0
OptimizedDC,2,7,0
Naive,2,7,0
UnoptimizedDC,2,7,0
OptimizedDC,2,7,0
Naive,2,7,0
UnoptimizedDC,2,7,0
OptimizedDC,2,7,0
Naive,2,7,0
UnoptimizedDC,2,7,0
OptimizedDC,2,7,0
Naive,2,7,0
UnoptimizedDC,2,7,0
OptimizedDC,2,7,0
Naive,2,7,0
UnoptimizedDC,2,7,0
OptimizedDC,2,7,0
Naive,2,7,0
UnoptimizedDC,2,7,0
OptimizedDC,2,7,0
Naive,2,7,0
UnoptimizedDC,2,7,0
OptimizedDC,2,7,0
Naive,2,8,0
UnoptimizedDC,2,8,0
OptimizedDC,2,8,0
Naive,2,8,0
UnoptimizedDC,2,8,0
OptimizedDC,2,8,0
Naive,2,8,0
UnoptimizedDC,2,8,0
OptimizedDC,2,8,0
Naive,2,8,0
UnoptimizedDC,2,8,0
OptimizedDC,2,8,0
Naive,2,8,0
UnoptimizedDC,2,8,0
OptimizedDC,2,8,0
Naive,2,8,0
UnoptimizedDC,2,8,0
OptimizedDC,2,8,0
Naive,2,8,0
UnoptimizedDC,2,8,0
OptimizedDC,2,8,0
Naive,2,8,0
UnoptimizedDC,2,8,0
OptimizedDC,2,8,0
Naive,2,8,0
UnoptimizedDC,2,8,0
OptimizedDC,2,8,0
Naive,2,8,0
UnoptimizedDC,2,8,0
OptimizedDC,2,8,0
Naive,2,9,0
UnoptimizedDC,2,9,0
OptimizedDC,2,9,0
Naive,2,9,0
UnoptimizedDC,2,9,0
OptimizedDC,2,9,0
Naive,2,9,0
UnoptimizedDC,2,9,0
OptimizedDC,2,9,0
Naive,2,9,0
UnoptimizedDC,2,9,0
OptimizedDC,2,9,0
Naive,2,9,0
UnoptimizedDC,2,9,0
OptimizedDC,2,9,0
Naive,2,9,0
UnoptimizedDC,2,9,0
OptimizedDC,2,9,0
Naive,2,9,0
UnoptimizedDC,2,9,0
OptimizedDC,2,9,0
Naive,2,9,0
UnoptimizedDC,2,9,0
OptimizedDC,2,9,0
Naive,2,9,0
UnoptimizedDC,2,9,0
OptimizedDC,2,9,0
Naive,2,9,0
UnoptimizedDC,2,9,0
OptimizedDC,2,9,0
Naive,2,10,0
UnoptimizedDC,2,10,0
OptimizedDC,2,10,0
Naive,2,10,0
UnoptimizedDC,2,10,0
OptimizedDC,2,10,0
Naive,2,10,0
UnoptimizedDC,2,10,0
OptimizedDC,2,10,0
Naive,2,10,0
UnoptimizedDC,2,10,0
OptimizedDC,2,10,0
Naive,2,10,0
UnoptimizedDC,2,10,0
OptimizedDC,2,10,0
Naive,2,10,0
UnoptimizedDC,2,10,0
OptimizedDC,2,10,0
Naive,2,10,0
UnoptimizedDC,2,10,0
OptimizedDC,2,10,0
Naive,2,10,0
UnoptimizedDC,2,10,0
OptimizedDC,2,10,0
Naive,2,10,0
UnoptimizedDC,2,10,0
OptimizedDC,2,10,0
Naive,2,10,0
UnoptimizedDC,2,10,0
OptimizedDC,2,10,0
Naive,3,1,0
UnoptimizedDC,3,1,0
OptimizedDC,3,1,0
Naive,3,1,0
UnoptimizedDC,3,1,0
OptimizedDC,3,1,0
Naive,3,1,0
UnoptimizedDC,3,1,0
OptimizedDC,3,1,0
Naive,3,1,0
UnoptimizedDC,3,1,0
OptimizedDC,3,1,0
Naive,3,1,0
UnoptimizedDC,3,1,0
OptimizedDC,3,1,0
Naive,3,1,0
UnoptimizedDC,3,1,0
OptimizedDC,3,1,0
Naive,3,1,0
UnoptimizedDC,3,1,0
OptimizedDC,3,1,0
Naive,3,1,0
UnoptimizedDC,3,1,0
OptimizedDC,3,1,0
Naive,3,1,0
UnoptimizedDC,3,1,0
OptimizedDC,3,1,0
Naive,3,1,0
UnoptimizedDC,3,1,0
OptimizedDC,3,1,0
Naive,3,2,0
UnoptimizedDC,3,2,0
OptimizedDC,3,2,0
Naive,3,2,0
UnoptimizedDC,3,2,0
OptimizedDC,3,2,0
Naive,3,2,0
UnoptimizedDC,3,2,0
OptimizedDC,3,2,0
Naive,3,2,0
UnoptimizedDC,3,2,0
OptimizedDC,3,2,0
Naive,3,2,0
UnoptimizedDC,3,2,0
OptimizedDC,3,2,0
Naive,3,2,0
UnoptimizedDC,3,2,0
OptimizedDC,3,2,0
Naive,3,2,0
UnoptimizedDC,3,2,0
OptimizedDC,3,2,0
Naive,3,2,0
UnoptimizedDC,3,2,0
OptimizedDC,3,2,0
Naive,3,2,0
UnoptimizedDC,3,2,0
OptimizedDC,3,2,0
Naive,3,2,0
UnoptimizedDC,3,2,0
OptimizedDC,3,2,0
Naive,3,3,0
UnoptimizedDC,3,3,0
OptimizedDC,3,3,0
Naive,3,3,0
UnoptimizedDC,3,3,0
OptimizedDC,3,3,0
Naive,3,3,0
UnoptimizedDC,3,3,0
OptimizedDC,3,3,0
Naive,3,3,0
UnoptimizedDC,3,3,0
OptimizedDC,3,3,0
Naive,3,3,0
UnoptimizedDC,3,3,0
OptimizedDC,3,3,0
Naive,3,3,0
UnoptimizedDC,3,3,0
OptimizedDC,3,3,0
Naive,3,3,0
UnoptimizedDC,3,3,0
OptimizedDC,3,3,0
Naive,3,3,0
UnoptimizedDC,3,3,0
OptimizedDC,3,3,0
Naive,3,3,0
UnoptimizedDC,3,3,0
OptimizedDC,3,3,0
Naive,3,3,0
UnoptimizedDC,3,3,0
OptimizedDC,3,3,0
Naive,3,4,0
UnoptimizedDC,3,4,0
OptimizedDC,3,4,0
Naive,3,4,0
UnoptimizedDC,3,4,0
OptimizedDC,3,4,0
Naive,3,4,0
UnoptimizedDC,3,4,0
OptimizedDC,3,4,0
Naive,3,4,0
UnoptimizedDC,3,4,0
OptimizedDC,3,4,0
Naive,3,4,0
UnoptimizedDC,3,4,0
OptimizedDC,3,4,0
Naive,3,4,0
UnoptimizedDC,3,4,0
OptimizedDC,3,4,0
Naive,3,4,0
UnoptimizedDC,3,4,0
OptimizedDC,3,4,0
Naive,3,4,0
UnoptimizedDC,3,4,0
OptimizedDC,3,4,0
Naive,3,4,0
UnoptimizedDC,3,4,0
OptimizedDC,3,4,0
Naive,3,4,0
UnoptimizedDC,3,4,0
OptimizedDC,3,4,0
Naive,3,5,0
UnoptimizedDC,3,5,0
OptimizedDC,3,5,0
Naive,3,5,0
UnoptimizedDC,3,5,0
OptimizedDC,3,5,0
Naive,3,5,0
UnoptimizedDC,3,5,0
OptimizedDC,3,5,0
Naive,3,5,0
UnoptimizedDC,3,5,0
OptimizedDC,3,5,0
Naive,3,5,0
UnoptimizedDC,3,5,0
OptimizedDC,3,5,0
Naive,3,5,0
UnoptimizedDC,3,5,0
OptimizedDC,3,5,0
Naive,3,5,0
UnoptimizedDC,3,5,0
OptimizedDC,3,5,0
Naive,3,5,0
UnoptimizedDC,3,5,0
OptimizedDC,3,5,0
Naive,3,5,0
UnoptimizedDC,3,5,0
OptimizedDC,3,5,0
Naive,3,5,0
UnoptimizedDC,3,5,0
OptimizedDC,3,5,0
Naive,3,6,0
UnoptimizedDC,3,6,0
OptimizedDC,3,6,0
Naive,3,6,0
UnoptimizedDC,3,6,0
OptimizedDC,3,6,0
Naive,3,6,0
UnoptimizedDC,3,6,0
OptimizedDC,3,6,0
Naive,3,6,0
UnoptimizedDC,3,6,0
OptimizedDC,3,6,0
Naive,3,6,0
UnoptimizedDC,3,6,0
OptimizedDC,3,6,0
Naive,3,6,0
UnoptimizedDC,3,6,0
OptimizedDC,3,6,0
Naive,3,6,0
UnoptimizedDC,3,6,0
OptimizedDC,3,6,0
Naive,3,6,0
UnoptimizedDC,3,6,0
OptimizedDC,3,6,0
Naive,3,6,0
UnoptimizedDC,3,6,0
OptimizedDC,3,6,0
Naive,3,6,0
UnoptimizedDC,3,6,0
OptimizedDC,3,6,0
Naive,3,7,0
UnoptimizedDC,3,7,0
OptimizedDC,3,7,0
Naive,3,7,0
UnoptimizedDC,3,7,0
OptimizedDC,3,7,0
Naive,3,7,0
UnoptimizedDC,3,7,0
OptimizedDC,3,7,0
Naive,3,7,0
UnoptimizedDC,3,7,0
OptimizedDC,3,7,0
Naive,3,7,0
UnoptimizedDC,3,7,0
OptimizedDC,3,7,0
Naive,3,7,0
UnoptimizedDC,3,7,0
OptimizedDC,3,7,0
Naive,3,7,0
UnoptimizedDC,3,7,0
OptimizedDC,3,7,0
Naive,3,7,0
UnoptimizedDC,3,7,0
OptimizedDC,3,7,0
Naive,3,7,0
UnoptimizedDC,3,7,0
OptimizedDC,3,7,0
Naive,3,7,0
UnoptimizedDC,3,7,0
OptimizedDC,3,7,0
Naive,3,8,0
UnoptimizedDC,3,8,0
OptimizedDC,3,8,0
Naive,3,8,0
UnoptimizedDC,3,8,0
OptimizedDC,3,8,0
Naive,3,8,0
UnoptimizedDC,3,8,0
OptimizedDC,3,8,0
Naive,3,8,0
UnoptimizedDC,3,8,0
OptimizedDC,3,8,0
Naive,3,8,0
UnoptimizedDC,3,8,0
OptimizedDC,3,8,0
Naive,3,8,0
UnoptimizedDC,3,8,0
OptimizedDC,3,8,0
Naive,3,8,0
UnoptimizedDC,3,8,0
OptimizedDC,3,8,0
Naive,3,8,0
UnoptimizedDC,3,8,0
OptimizedDC,3,8,0
Naive,3,8,0
UnoptimizedDC,3,8,0
OptimizedDC,3,8,0
Naive,3,8,0
UnoptimizedDC,3,8,0
OptimizedDC,3,8,0
Naive,3,9,0
UnoptimizedDC,3,9,0
OptimizedDC,3,9,0
Naive,3,9,0
UnoptimizedDC,3,9,0
OptimizedDC,3,9,0
Naive,3,9,0
UnoptimizedDC,3,9,0
OptimizedDC,3,9,0
Naive,3,9,0
UnoptimizedDC,3,9,0
OptimizedDC,3,9,0
Naive,3,9,0
UnoptimizedDC,3,9,0
OptimizedDC,3,9,0
Naive,3,9,0
UnoptimizedDC,3,9,0
OptimizedDC,3,9,0
Naive,3,9,0
UnoptimizedDC,3,9,0
OptimizedDC,3,9,0
Naive,3,9,0
UnoptimizedDC,3,9,0
OptimizedDC,3,9,0
Naive,3,9,0
UnoptimizedDC,3,9,0
OptimizedDC,3,9,0
Naive,3,9,0
UnoptimizedDC,3,9,0
OptimizedDC,3,9,0
Naive,3,10,0
UnoptimizedDC,3,10,0
OptimizedDC,3,10,0
Naive,3,10,0
UnoptimizedDC,3,10,0
OptimizedDC,3,10,0
Naive,3,10,0
UnoptimizedDC,3,10,0
OptimizedDC,3,10,0
Naive,3,10,0
UnoptimizedDC,3,10,0
OptimizedDC,3,10,0
Naive,3,10,0
UnoptimizedDC,3,10,0
OptimizedDC,3,10,0
Naive,3,10,0
UnoptimizedDC,3,10,0
OptimizedDC,3,10,0
Naive,3,10,0
UnoptimizedDC,3,10,0
OptimizedDC,3,10,0
Naive,3,10,0
UnoptimizedDC,3,10,0
OptimizedDC,3,10,0
Naive,3,10,0
UnoptimizedDC,3,10,0
OptimizedDC,3,10,0
Naive,3,10,0
UnoptimizedDC,3,10,0
OptimizedDC,3,10,0
Naive,4,1,0
UnoptimizedDC,4,1,0
OptimizedDC,4,1,0
Naive,4,1,0
UnoptimizedDC,4,1,0
OptimizedDC,4,1,0
Naive,4,1,0
UnoptimizedDC,4,1,0
OptimizedDC,4,1,0
Naive,4,1,0
UnoptimizedDC,4,1,0
OptimizedDC,4,1,0
Naive,4,1,0
UnoptimizedDC,4,1,0
OptimizedDC,4,1,0
Naive,4,1,0
UnoptimizedDC,4,1,0
OptimizedDC,4,1,0
Naive,4,1,0
UnoptimizedDC,4,1,0
OptimizedDC,4,1,0
Naive,4,1,0
UnoptimizedDC,4,1,0
OptimizedDC,4,1,0
Naive,4,1,0
UnoptimizedDC,4,1,0
OptimizedDC,4,1,0
Naive,4,1,0
UnoptimizedDC,4,1,0
OptimizedDC,4,1,0
Naive,4,2,0
UnoptimizedDC,4,2,0
OptimizedDC,4,2,0
Naive,4,2,0
UnoptimizedDC,4,2,0
OptimizedDC,4,2,0
Naive,4,2,0
UnoptimizedDC,4,2,0
OptimizedDC,4,2,0
Naive,4,2,0
UnoptimizedDC,4,2,0
OptimizedDC,4,2,0
Naive,4,2,0
UnoptimizedDC,4,2,0
OptimizedDC,4,2,0
Naive,4,2,0
UnoptimizedDC,4,2,0
OptimizedDC,4,2,0
Naive,4,2,0
UnoptimizedDC,4,2,0
OptimizedDC,4,2,0
Naive,4,2,0
UnoptimizedDC,4,2,0
OptimizedDC,4,2,0
Naive,4,2,0
UnoptimizedDC,4,2,0
OptimizedDC,4,2,0
Naive,4,2,0
UnoptimizedDC,4,2,0
OptimizedDC,4,2,0
Naive,4,3,0
UnoptimizedDC,4,3,0
OptimizedDC,4,3,0
Naive,4,3,0
UnoptimizedDC,4,3,0
OptimizedDC,4,3,0
Naive,4,3,0
UnoptimizedDC,4,3,0
OptimizedDC,4,3,0
Naive,4,3,0
UnoptimizedDC,4,3,0
OptimizedDC,4,3,0
Naive,4,3,0
UnoptimizedDC,4,3,0
OptimizedDC,4,3,0
Naive,4,3,0
UnoptimizedDC,4,3,0
OptimizedDC,4,3,0
Naive,4,3,0
UnoptimizedDC,4,3,0
OptimizedDC,4,3,0
Naive,4,3,0
UnoptimizedDC,4,3,0
OptimizedDC,4,3,0
Naive,4,3,0
UnoptimizedDC,4,3,0
OptimizedDC,4,3,0
Naive,4,3,0
UnoptimizedDC,4,3,0
OptimizedDC,4,3,0
Naive,4,4,0
UnoptimizedDC,4,4,0
OptimizedDC,4,4,0
Naive,4,4,0
UnoptimizedDC,4,4,0
OptimizedDC,4,4,0
Naive,4,4,0
UnoptimizedDC,4,4,0
OptimizedDC,4,4,0
Naive,4,4,0
UnoptimizedDC,4,4,0
OptimizedDC,4,4,0
Naive,4,4,0
UnoptimizedDC,4,4,0
OptimizedDC,4,4,0
Naive,4,4,0
UnoptimizedDC,4,4,0
OptimizedDC,4,4,0
Naive,4,4,0
UnoptimizedDC,4,4,0
OptimizedDC,4,4,0
Naive,4,4,0
UnoptimizedDC,4,4,0
OptimizedDC,4,4,0
Naive,4,4,0
UnoptimizedDC,4,4,0
OptimizedDC,4,4,0
Naive,4,4,0
UnoptimizedDC,4,4,0
OptimizedDC,4,4,0
Naive,4,5,0
UnoptimizedDC,4,5,0
OptimizedDC,4,5,0
Naive,4,5,0
UnoptimizedDC,4,5,0
OptimizedDC,4,5,0
Naive,4,5,0
UnoptimizedDC,4,5,0
OptimizedDC,4,5,0
Naive,4,5,0
UnoptimizedDC,4,5,0
OptimizedDC,4,5,0
Naive,4,5,0
UnoptimizedDC,4,5,0
OptimizedDC,4,5,0
Naive,4,5,0
UnoptimizedDC,4,5,0
OptimizedDC,4,5,0
Naive,4,5,0
UnoptimizedDC,4,5,0
OptimizedDC,4,5,0
Naive,4,5,0
UnoptimizedDC,4,5,0
OptimizedDC,4,5,0
Naive,4,5,0
UnoptimizedDC,4,5,0
OptimizedDC,4,5,0
Naive,4,5,0
UnoptimizedDC,4,5,0
OptimizedDC,4,5,0
Naive,4,6,0
UnoptimizedDC,4,6,0
OptimizedDC,4,6,0
Naive,4,6,0
UnoptimizedDC,4,6,0
OptimizedDC,4,6,0
Naive,4,6,0
UnoptimizedDC,4,6,0
OptimizedDC,4,6,0
Naive,4,6,0
UnoptimizedDC,4,6,0
OptimizedDC,4,6,0
Naive,4,6,0
UnoptimizedDC,4,6,0
OptimizedDC,4,6,0
Naive,4,6,0
UnoptimizedDC,4,6,0
OptimizedDC,4,6,0
Naive,4,6,0
UnoptimizedDC,4,6,0
OptimizedDC,4,6,0
Naive,4,6,0
UnoptimizedDC,4,6,0
OptimizedDC,4,6,0
Naive,4,6,0
UnoptimizedDC,4,6,0
OptimizedDC,4,6,0
Naive,4,6,0
UnoptimizedDC,4,6,0
OptimizedDC,4,6,0
Naive,4,7,0
UnoptimizedDC,4,7,0
OptimizedDC,4,7,0
Naive,4,7,0
UnoptimizedDC,4,7,0
OptimizedDC,4,7,0
Naive,4,7,0
UnoptimizedDC,4,7,0
OptimizedDC,4,7,0
Naive,4,7,0
UnoptimizedDC,4,7,0
OptimizedDC,4,7,0
Naive,4,7,0
UnoptimizedDC,4,7,0
OptimizedDC,4,7,0
Naive,4,7,0
UnoptimizedDC,4,7,0
OptimizedDC,4,7,0
Naive,4,7,0
UnoptimizedDC,4,7,0
OptimizedDC,4,7,0
Naive,4,7,0
UnoptimizedDC,4,7,0
OptimizedDC,4,7,0
Naive,4,7,0
UnoptimizedDC,4,7,0
OptimizedDC,4,7,0
Naive,4,7,0
UnoptimizedDC,4,7,0
OptimizedDC,4,7,0
Naive,4,8,0
UnoptimizedDC,4,8,0
OptimizedDC,4,8,0
Naive,4,8,0
UnoptimizedDC,4,8,0
OptimizedDC,4,8,0
Naive,4,8,0
UnoptimizedDC,4,8,0
OptimizedDC,4,8,0
Naive,4,8,0
UnoptimizedDC,4,8,0
OptimizedDC,4,8,0
Naive,4,8,0
UnoptimizedDC,4,8,0
OptimizedDC,4,8,0
Naive,4,8,0
UnoptimizedDC,4,8,0
OptimizedDC,4,8,0
Naive,4,8,0
UnoptimizedDC,4,8,0
OptimizedDC,4,8,0
Naive,4,8,0
UnoptimizedDC,4,8,0
OptimizedDC,4,8,0
Naive,4,8,0
UnoptimizedDC,4,8,0
OptimizedDC,4,8,0
Naive,4,8,0
UnoptimizedDC,4,8,0
OptimizedDC,4,8,0
Naive,4,9,0
UnoptimizedDC,4,9,0
OptimizedDC,4,9,0
Naive,4,9,0
UnoptimizedDC,4,9,0
OptimizedDC,4,9,0
Naive,4,9,0
UnoptimizedDC,4,9,0
OptimizedDC,4,9,0
Naive,4,9,0
UnoptimizedDC,4,9,0
OptimizedDC,4,9,0
Naive,4,9,0
UnoptimizedDC,4,9,0
OptimizedDC,4,9,0
Naive,4,9,0
UnoptimizedDC,4,9,0
OptimizedDC,4,9,0
Naive,4,9,0
UnoptimizedDC,4,9,0
OptimizedDC,4,9,0
Naive,4,9,0
UnoptimizedDC,4,9,0
OptimizedDC,4,9,0
Naive,4,9,0
UnoptimizedDC,4,9,0
OptimizedDC,4,9,0
Naive,4,9,0
UnoptimizedDC,4,9,0
OptimizedDC,4,9,0
Naive,4,10,0
UnoptimizedDC,4,10,0
OptimizedDC,4,10,0
Naive,4,10,0
UnoptimizedDC,4,10,0
OptimizedDC,4,10,0
Naive,4,10,0
UnoptimizedDC,4,10,0
OptimizedDC,4,10,0
Naive,4,10,0
UnoptimizedDC,4,10,0
OptimizedDC,4,10,0
Naive,4,10,0
UnoptimizedDC,4,10,0
OptimizedDC,4,10,0
Naive,4,10,0
UnoptimizedDC,4,10,0
OptimizedDC,4,10,0
Naive,4,10,0
UnoptimizedDC,4,10,0
OptimizedDC,4,10,0
Naive,4,10,0
UnoptimizedDC,4,10,0
OptimizedDC,4,10,0
Naive,4,10,0
UnoptimizedDC,4,10,0
OptimizedDC,4,10,0
Naive,4,10,0
UnoptimizedDC,4,10,0
OptimizedDC,4,10,0
Naive,5,1,0
UnoptimizedDC,5,1,0
OptimizedDC,5,1,0
Naive,5,1,0
UnoptimizedDC,5,1,0
OptimizedDC,5,1,0
Naive,5,1,0
UnoptimizedDC,5,1,0
OptimizedDC,5,1,0
Naive,5,1,0
UnoptimizedDC,5,1,0
OptimizedDC,5,1,0
Naive,5,1,0
UnoptimizedDC,5,1,0
OptimizedDC,5,1,0
Naive,5,1,0
UnoptimizedDC,5,1,0
OptimizedDC,5,1,0
Naive,5,1,0
UnoptimizedDC,5,1,0
OptimizedDC,5,1,0
Naive,5,1,0
UnoptimizedDC,5,1,0
OptimizedDC,5,1,0
Naive,5,1,0
UnoptimizedDC,5,1,0
OptimizedDC,5,1,0
Naive,5,1,0
UnoptimizedDC,5,1,0
OptimizedDC,5,1,0
Naive,5,2,0
UnoptimizedDC,5,2,0
OptimizedDC,5,2,0
Naive,5,2,0
UnoptimizedDC,5,2,0
OptimizedDC,5,2,0
Naive,5,2,0
UnoptimizedDC,5,2,0
OptimizedDC,5,2,0
Naive,5,2,0
UnoptimizedDC,5,2,0
OptimizedDC,5,2,0
Naive,5,2,0
UnoptimizedDC,5,2,0
OptimizedDC,5,2,0
Naive,5,2,0
UnoptimizedDC,5,2,0
OptimizedDC,5,2,0
Naive,5,2,0
UnoptimizedDC,5,2,0
OptimizedDC,5,2,0
Naive,5,2,0
UnoptimizedDC,5,2,0
OptimizedDC,5,2,0
Naive,5,2,0
UnoptimizedDC,5,2,0
OptimizedDC,5,2,0
Naive,5,2,0
UnoptimizedDC,5,2,0
OptimizedDC,5,2,0
Naive,5,3,0
UnoptimizedDC,5,3,0
OptimizedDC,5,3,0
Naive,5,3,0
UnoptimizedDC,5,3,0
OptimizedDC,5,3,0
Naive,5,3,0
UnoptimizedDC,5,3,0
OptimizedDC,5,3,0
Naive,5,3,0
UnoptimizedDC,5,3,0
OptimizedDC,5,3,0
Naive,5,3,0
UnoptimizedDC,5,3,0
OptimizedDC,5,3,0
Naive,5,3,0
UnoptimizedDC,5,3,0
OptimizedDC,5,3,0
Naive,5,3,0
UnoptimizedDC,5,3,0
OptimizedDC,5,3,0
Naive,5,3,0
UnoptimizedDC,5,3,0
OptimizedDC,5,3,0
Naive,5,3,0
UnoptimizedDC,5,3,0
OptimizedDC,5,3,0
Naive,5,3,0
UnoptimizedDC,5,3,0
OptimizedDC,5,3,0
Naive,5,4,0
UnoptimizedDC,5,4,0
OptimizedDC,5,4,0
Naive,5,4,0
UnoptimizedDC,5,4,0
OptimizedDC,5,4,0
Naive,5,4,0
UnoptimizedDC,5,4,0
OptimizedDC,5,4,0
Naive,5,4,0
UnoptimizedDC,5,4,0
OptimizedDC,5,4,0
Naive,5,4,0
UnoptimizedDC,5,4,0
OptimizedDC,5,4,0
Naive,5,4,0
UnoptimizedDC,5,4,0
OptimizedDC,5,4,0
Naive,5,4,0
UnoptimizedDC,5,4,0
OptimizedDC,5,4,0
Naive,5,4,0
UnoptimizedDC,5,4,0
OptimizedDC,5,4,0
Naive,5,4,0
UnoptimizedDC,5,4,0
OptimizedDC,5,4,0
Naive,5,4,0
UnoptimizedDC,5,4,0
OptimizedDC,5,4,0
Naive,5,5,0
UnoptimizedDC,5,5,0
OptimizedDC,5,5,0
Naive,5,5,0
UnoptimizedDC,5,5,0
OptimizedDC,5,5,0
Naive,5,5,0
UnoptimizedDC,5,5,0
OptimizedDC,5,5,0
Naive,5,5,0
UnoptimizedDC,5,5,0
OptimizedDC,5,5,0
Naive,5,5,0
UnoptimizedDC,5,5,0
OptimizedDC,5,5,0
Naive,5,5,0
UnoptimizedDC,5,5,0
OptimizedDC,5,5,0
Naive,5,5,0
UnoptimizedDC,5,5,0
OptimizedDC,5,5,0
Naive,5,5,0
UnoptimizedDC,5,5,0
OptimizedDC,5,5,0
Naive,5,5,0
UnoptimizedDC,5,5,0
OptimizedDC,5,5,0
Naive,5,5,0
UnoptimizedDC,5,5,0
OptimizedDC,5,5,0
Naive,5,6,0
UnoptimizedDC,5,6,0
OptimizedDC,5,6,0
Naive,5,6,0
UnoptimizedDC,5,6,0
OptimizedDC,5,6,0
Naive,5,6,0
UnoptimizedDC,5,6,0
OptimizedDC,5,6,0
Naive,5,6,0
UnoptimizedDC,5,6,0
OptimizedDC,5,6,0
Naive,5,6,0
UnoptimizedDC,5,6,0
OptimizedDC,5,6,0
Naive,5,6,0
UnoptimizedDC,5,6,0
OptimizedDC,5,6,0
Naive,5,6,0
UnoptimizedDC,5,6,0
OptimizedDC,5,6,0
Naive,5,6,0
UnoptimizedDC,5,6,0
OptimizedDC,5,6,0
Naive,5,6,0
UnoptimizedDC,5,6,0
OptimizedDC,5,6,0
Naive,5,6,0
UnoptimizedDC,5,6,0
OptimizedDC,5,6,0
Naive,5,7,0
UnoptimizedDC,5,7,0
OptimizedDC,5,7,0
Naive,5,7,0
UnoptimizedDC,5,7,0
OptimizedDC,5,7,0
Naive,5,7,0
UnoptimizedDC,5,7,0
OptimizedDC,5,7,0
Naive,5,7,0
UnoptimizedDC,5,7,0
OptimizedDC,5,7,0
Naive,5,7,0
UnoptimizedDC,5,7,0
OptimizedDC,5,7,0
Naive,5,7,0
UnoptimizedDC,5,7,0
OptimizedDC,5,7,0
Naive,5,7,0
UnoptimizedDC,5,7,0
OptimizedDC,5,7,0
Naive,5,7,0
UnoptimizedDC,5,7,0
OptimizedDC,5,7,0
Naive,5,7,0
UnoptimizedDC,5,7,0
OptimizedDC,5,7,0
Naive,5,7,0
UnoptimizedDC,5,7,0
OptimizedDC,5,7,0
Naive,5,8,0
UnoptimizedDC,5,8,0
OptimizedDC,5,8,0
Naive,5,8,0
UnoptimizedDC,5,8,0
OptimizedDC,5,8,0
Naive,5,8,0
UnoptimizedDC,5,8,0
OptimizedDC,5,8,0
Naive,5,8,0
UnoptimizedDC,5,8,0
OptimizedDC,5,8,0
Naive,5,8,0
UnoptimizedDC,5,8,0
OptimizedDC,5,8,0
Naive,5,8,0
UnoptimizedDC,5,8,0
OptimizedDC,5,8,0
Naive,5,8,0
UnoptimizedDC,5,8,0
OptimizedDC,5,8,0
Naive,5,8,0
UnoptimizedDC,5,8,0
OptimizedDC,5,8,0
Naive,5,8,0
UnoptimizedDC,5,8,0
OptimizedDC,5,8,0
Naive,5,8,0
UnoptimizedDC,5,8,0
OptimizedDC,5,8,0
Naive,5,9,0
UnoptimizedDC,5,9,0
OptimizedDC,5,9,0
Naive,5,9,0
UnoptimizedDC,5,9,0
OptimizedDC,5,9,0
Naive,5,9,0
UnoptimizedDC,5,9,0
OptimizedDC,5,9,0
Naive,5,9,0
UnoptimizedDC,5,9,0
OptimizedDC,5,9,0
Naive,5,9,0
UnoptimizedDC,5,9,0
OptimizedDC,5,9,0
Naive,5,9,0
UnoptimizedDC,5,9,0
OptimizedDC,5,9,0
Naive,5,9,0
UnoptimizedDC,5,9,0
OptimizedDC,5,9,0
Naive,5,9,0
UnoptimizedDC,5,9,0
OptimizedDC,5,9,0
Naive,5,9,0
UnoptimizedDC,5,9,0
OptimizedDC,5,9,0
Naive,5,9,0
UnoptimizedDC,5,9,0
OptimizedDC,5,9,0
Naive,5,10,0
UnoptimizedDC,5,10,0
OptimizedDC,5,10,0
Naive,5,10,0
UnoptimizedDC,5,10,0
OptimizedDC,5,10,0
Naive,5,10,0
UnoptimizedDC,5,10,0
OptimizedDC,5,10,0
Naive,5,10,0
UnoptimizedDC,5,10,0
OptimizedDC,5,10,0
Naive,5,10,0
UnoptimizedDC,5,10,0
OptimizedDC,5,10,0
Naive,5,10,0
UnoptimizedDC,5,10,0
OptimizedDC,5,10,0
Naive,5,10,0
UnoptimizedDC,5,10,0
OptimizedDC,5,10,0
Naive,5,10,0
UnoptimizedDC,5,10,0
OptimizedDC,5,10,0
Naive,5,10,0
UnoptimizedDC,5,10,0
OptimizedDC,5,10,0
Naive,5,10,0
UnoptimizedDC,5,10,0
OptimizedDC,5,10,0
Naive,6,1,0
UnoptimizedDC,6,1,0
OptimizedDC,6,1,0
Naive,6,1,0
UnoptimizedDC,6,1,0
OptimizedDC,6,1,0
Naive,6,1,0
UnoptimizedDC,6,1,0
OptimizedDC,6,1,0
Naive,6,1,0
UnoptimizedDC,6,1,0
OptimizedDC,6,1,0
Naive,6,1,0
UnoptimizedDC,6,1,0
OptimizedDC,6,1,0
Naive,6,1,0
UnoptimizedDC,6,1,0
OptimizedDC,6,1,0
Naive,6,1,0
UnoptimizedDC,6,1,0
OptimizedDC,6,1,0
Naive,6,1,0
UnoptimizedDC,6,1,0
OptimizedDC,6,1,0
Naive,6,1,0
UnoptimizedDC,6,1,0
OptimizedDC,6,1,0
Naive,6,1,0
UnoptimizedDC,6,1,0
OptimizedDC,6,1,0
Naive,6,2,0
UnoptimizedDC,6,2,0
OptimizedDC,6,2,0
Naive,6,2,0
UnoptimizedDC,6,2,0
OptimizedDC,6,2,0
Naive,6,2,0
UnoptimizedDC,6,2,0
OptimizedDC,6,2,0
Naive,6,2,0
UnoptimizedDC,6,2,0
OptimizedDC,6,2,0
Naive,6,2,0
UnoptimizedDC,6,2,0
OptimizedDC,6,2,0
Naive,6,2,0
UnoptimizedDC,6,2,0
OptimizedDC,6,2,0
Naive,6,2,0
UnoptimizedDC,6,2,0
OptimizedDC,6,2,0
Naive,6,2,0
UnoptimizedDC,6,2,0
OptimizedDC,6,2,0
Naive,6,2,0
UnoptimizedDC,6,2,0
OptimizedDC,6,2,0
Naive,6,2,0
UnoptimizedDC,6,2,0
OptimizedDC,6,2,0
Naive,6,3,0
UnoptimizedDC,6,3,0
OptimizedDC,6,3,0
Naive,6,3,0
UnoptimizedDC,6,3,0
OptimizedDC,6,3,0
Naive,6,3,0
UnoptimizedDC,6,3,0
OptimizedDC,6,3,0
Naive,6,3,0
UnoptimizedDC,6,3,0
OptimizedDC,6,3,0
Naive,6,3,0
UnoptimizedDC,6,3,0
OptimizedDC,6,3,0
Naive,6,3,0
UnoptimizedDC,6,3,0
OptimizedDC,6,3,0
Naive,6,3,0
UnoptimizedDC,6,3,0
OptimizedDC,6,3,0
Naive,6,3,0
UnoptimizedDC,6,3,0
OptimizedDC,6,3,0
Naive,6,3,0
UnoptimizedDC,6,3,0
OptimizedDC,6,3,0
Naive,6,3,0
UnoptimizedDC,6,3,0
OptimizedDC,6,3,0
Naive,6,4,0
UnoptimizedDC,6,4,0
OptimizedDC,6,4,0
Naive,6,4,0
UnoptimizedDC,6,4,0
OptimizedDC,6,4,0
Naive,6,4,0
UnoptimizedDC,6,4,0
OptimizedDC,6,4,0
Naive,6,4,0
UnoptimizedDC,6,4,0
OptimizedDC,6,4,0
Naive,6,4,0
UnoptimizedDC,6,4,0
OptimizedDC,6,4,0
Naive,6,4,0
UnoptimizedDC,6,4,0
OptimizedDC,6,4,0
Naive,6,4,0
UnoptimizedDC,6,4,0
OptimizedDC,6,4,0
Naive,6,4,0
UnoptimizedDC,6,4,0
OptimizedDC,6,4,0
Naive,6,4,0
UnoptimizedDC,6,4,0
OptimizedDC,6,4,0
Naive,6,4,0
UnoptimizedDC,6,4,0
OptimizedDC,6,4,0
Naive,6,5,0
UnoptimizedDC,6,5,0
OptimizedDC,6,5,0
Naive,6,5,0
UnoptimizedDC,6,5,0
OptimizedDC,6,5,0
Naive,6,5,0
UnoptimizedDC,6,5,0
OptimizedDC,6,5,0
Naive,6,5,0
UnoptimizedDC,6,5,0
OptimizedDC,6,5,0
Naive,6,5,0
UnoptimizedDC,6,5,0
OptimizedDC,6,5,0
Naive,6,5,0
UnoptimizedDC,6,5,0
OptimizedDC,6,5,0
Naive,6,5,0
UnoptimizedDC,6,5,0
OptimizedDC,6,5,0
Naive,6,5,0
UnoptimizedDC,6,5,0
OptimizedDC,6,5,0
Naive,6,5,0
UnoptimizedDC,6,5,0
OptimizedDC,6,5,0
Naive,6,5,0
UnoptimizedDC,6,5,0
OptimizedDC,6,5,0
Naive,6,6,0
UnoptimizedDC,6,6,0
OptimizedDC,6,6,0
Naive,6,6,0
UnoptimizedDC,6,6,0
OptimizedDC,6,6,0
Naive,6,6,0
UnoptimizedDC,6,6,0
OptimizedDC,6,6,0
Naive,6,6,0
UnoptimizedDC,6,6,0
OptimizedDC,6,6,0
Naive,6,6,0
UnoptimizedDC,6,6,0
OptimizedDC,6,6,0
Naive,6,6,0
UnoptimizedDC,6,6,0
OptimizedDC,6,6,0
Naive,6,6,0
UnoptimizedDC,6,6,0
OptimizedDC,6,6,0
Naive,6,6,0
UnoptimizedDC,6,6,0
OptimizedDC,6,6,0
Naive,6,6,0
UnoptimizedDC,6,6,0
OptimizedDC,6,6,0
Naive,6,6,0
UnoptimizedDC,6,6,0
OptimizedDC,6,6,0
Naive,6,7,0
UnoptimizedDC,6,7,0
OptimizedDC,6,7,0
Naive,6,7,0
UnoptimizedDC,6,7,0
OptimizedDC,6,7,0
Naive,6,7,0
UnoptimizedDC,6,7,0
OptimizedDC,6,7,0
Naive,6,7,0
UnoptimizedDC,6,7,0
OptimizedDC,6,7,0
Naive,6,7,0
UnoptimizedDC,6,7,0
OptimizedDC,6,7,0
Naive,6,7,0
UnoptimizedDC,6,7,0
OptimizedDC,6,7,0
Naive,6,7,0
UnoptimizedDC,6,7,0
OptimizedDC,6,7,0
Naive,6,7,0
UnoptimizedDC,6,7,0
OptimizedDC,6,7,0
Naive,6,7,0
UnoptimizedDC,6,7,0
OptimizedDC,6,7,0
Naive,6,7,0
UnoptimizedDC,6,7,0
OptimizedDC,6,7,0
Naive,6,8,0
UnoptimizedDC,6,8,0
OptimizedDC,6,8,0
Naive,6,8,0
UnoptimizedDC,6,8,0
OptimizedDC,6,8,0
Naive,6,8,0
UnoptimizedDC,6,8,0
OptimizedDC,6,8,0
Naive,6,8,0
UnoptimizedDC,6,8,0
OptimizedDC,6,8,0
Naive,6,8,0
UnoptimizedDC,6,8,0
OptimizedDC,6,8,0
Naive,6,8,0
UnoptimizedDC,6,8,0
OptimizedDC,6,8,0
Naive,6,8,0
UnoptimizedDC,6,8,0
OptimizedDC,6,8,0
Naive,6,8,0
UnoptimizedDC,6,8,0
OptimizedDC,6,8,0
Naive,6,8,0
UnoptimizedDC,6,8,0
OptimizedDC,6,8,0
Naive,6,8,0
UnoptimizedDC,6,8,0
OptimizedDC,6,8,0
Naive,6,9,0
UnoptimizedDC,6,9,0
OptimizedDC,6,9,0
Naive,6,9,0
UnoptimizedDC,6,9,0
OptimizedDC,6,9,0
Naive,6,9,0
UnoptimizedDC,6,9,0
OptimizedDC,6,9,0
Naive,6,9,0
UnoptimizedDC,6,9,0
OptimizedDC,6,9,0
Naive,6,9,0
UnoptimizedDC,6,9,0
OptimizedDC,6,9,0
Naive,6,9,0
UnoptimizedDC,6,9,0
OptimizedDC,6,9,0
Naive,6,9,0
UnoptimizedDC,6,9,0
OptimizedDC,6,9,0
Naive,6,9,0
UnoptimizedDC,6,9,0
OptimizedDC,6,9,0
Naive,6,9,0
UnoptimizedDC,6,9,0
OptimizedDC,6,9,0
Naive,6,9,0
UnoptimizedDC,6,9,0
OptimizedDC,6,9,0
Naive,6,10,0
UnoptimizedDC,6,10,0
OptimizedDC,6,10,0
Naive,6,10,0
UnoptimizedDC,6,10,0
OptimizedDC,6,10,0
Naive,6,10,0
UnoptimizedDC,6,10,0
OptimizedDC,6,10,0
Naive,6,10,0
UnoptimizedDC,6,10,0
OptimizedDC,6,10,0
Naive,6,10,0
UnoptimizedDC,6,10,0
OptimizedDC,6,10,0
Naive,6,10,0
UnoptimizedDC,6,10,0
OptimizedDC,6,10,0
Naive,6,10,0
UnoptimizedDC,6,10,0
OptimizedDC,6,10,0
Naive,6,10,0
UnoptimizedDC,6,10,0
OptimizedDC,6,10,0
Naive,6,10,0
UnoptimizedDC,6,10,0
OptimizedDC,6,10,0
Naive,6,10,0
UnoptimizedDC,6,10,0
OptimizedDC,6,10,0
Naive,7,1,0
UnoptimizedDC,7,1,0
OptimizedDC,7,1,0
Naive,7,1,0
UnoptimizedDC,7,1,0
OptimizedDC,7,1,0
Naive,7,1,0
UnoptimizedDC,7,1,0
OptimizedDC,7,1,0
Naive,7,1,0
UnoptimizedDC,7,1,0
OptimizedDC,7,1,0
Naive,7,1,0
UnoptimizedDC,7,1,0
OptimizedDC,7,1,0
Naive,7,1,0
UnoptimizedDC,7,1,0
OptimizedDC,7,1,0
Naive,7,1,0
UnoptimizedDC,7,1,0
OptimizedDC,7,1,0
Naive,7,1,0
UnoptimizedDC,7,1,0
OptimizedDC,7,1,0
Naive,7,1,0
UnoptimizedDC,7,1,0
OptimizedDC,7,1,0
Naive,7,1,0
UnoptimizedDC,7,1,0
OptimizedDC,7,1,0
Naive,7,2,0
UnoptimizedDC,7,2,0
OptimizedDC,7,2,0
Naive,7,2,0
UnoptimizedDC,7,2,0
OptimizedDC,7,2,0
Naive,7,2,0
UnoptimizedDC,7,2,0
OptimizedDC,7,2,0
Naive,7,2,0
UnoptimizedDC,7,2,0
OptimizedDC,7,2,0
Naive,7,2,0
UnoptimizedDC,7,2,0
OptimizedDC,7,2,0
Naive,7,2,0
UnoptimizedDC,7,2,0
OptimizedDC,7,2,0
Naive,7,2,0
UnoptimizedDC,7,2,0
OptimizedDC,7,2,0
Naive,7,2,0
UnoptimizedDC,7,2,0
OptimizedDC,7,2,0
Naive,7,2,0
UnoptimizedDC,7,2,0
OptimizedDC,7,2,0
Naive,7,2,0
UnoptimizedDC,7,2,0
OptimizedDC,7,2,0
Naive,7,3,0
UnoptimizedDC,7,3,0
OptimizedDC,7,3,0
Naive,7,3,0
UnoptimizedDC,7,3,0
OptimizedDC,7,3,0
Naive,7,3,0
UnoptimizedDC,7,3,0
OptimizedDC,7,3,0
Naive,7,3,0
UnoptimizedDC,7,3,0
OptimizedDC,7,3,0
Naive,7,3,0
UnoptimizedDC,7,3,0
OptimizedDC,7,3,0
Naive,7,3,0
UnoptimizedDC,7,3,0
OptimizedDC,7,3,0
Naive,7,3,0
UnoptimizedDC,7,3,0
OptimizedDC,7,3,0
Naive,7,3,0
UnoptimizedDC,7,3,0
OptimizedDC,7,3,0
Naive,7,3,0
UnoptimizedDC,7,3,0
OptimizedDC,7,3,0
Naive,7,3,0
UnoptimizedDC,7,3,0
OptimizedDC,7,3,0
Naive,7,4,0
UnoptimizedDC,7,4,0
OptimizedDC,7,4,0
Naive,7,4,0
UnoptimizedDC,7,4,0
OptimizedDC,7,4,0
Naive,7,4,0
UnoptimizedDC,7,4,0
OptimizedDC,7,4,0
Naive,7,4,0
UnoptimizedDC,7,4,0
OptimizedDC,7,4,0
Naive,7,4,0
UnoptimizedDC,7,4,0
OptimizedDC,7,4,0
Naive,7,4,0
UnoptimizedDC,7,4,0
OptimizedDC,7,4,0
Naive,7,4,0
UnoptimizedDC,7,4,0
OptimizedDC,7,4,0
Naive,7,4,0
UnoptimizedDC,7,4,0
OptimizedDC,7,4,0
Naive,7,4,0
UnoptimizedDC,7,4,0
OptimizedDC,7,4,0
Naive,7,4,0
UnoptimizedDC,7,4,0
OptimizedDC,7,4,0
Naive,7,5,0
UnoptimizedDC,7,5,0
OptimizedDC,7,5,0
Naive,7,5,0
UnoptimizedDC,7,5,0
OptimizedDC,7,5,0
Naive,7,5,0
UnoptimizedDC,7,5,0
OptimizedDC,7,5,0
Naive,7,5,0
UnoptimizedDC,7,5,0
OptimizedDC,7,5,0
Naive,7,5,0
UnoptimizedDC,7,5,0
OptimizedDC,7,5,0
Naive,7,5,0
UnoptimizedDC,7,5,0
OptimizedDC,7,5,0
Naive,7,5,0
UnoptimizedDC,7,5,0
OptimizedDC,7,5,0
Naive,7,5,0
UnoptimizedDC,7,5,0
OptimizedDC,7,5,0
Naive,7,5,0
UnoptimizedDC,7,5,0
OptimizedDC,7,5,0
Naive,7,5,0
UnoptimizedDC,7,5,0
OptimizedDC,7,5,0
Naive,7,6,0
UnoptimizedDC,7,6,0
OptimizedDC,7,6,0
Naive,7,6,0
UnoptimizedDC,7,6,0
OptimizedDC,7,6,0
Naive,7,6,0
UnoptimizedDC,7,6,0
OptimizedDC,7,6,0
Naive,7,6,0
UnoptimizedDC,7,6,0
OptimizedDC,7,6,0
Naive,7,6,0
UnoptimizedDC,7,6,0
OptimizedDC,7,6,0
Naive,7,6,0
UnoptimizedDC,7,6,0
OptimizedDC,7,6,0
Naive,7,6,0
UnoptimizedDC,7,6,0
OptimizedDC,7,6,0
Naive,7,6,0
UnoptimizedDC,7,6,0
OptimizedDC,7,6,0
Naive,7,6,0
UnoptimizedDC,7,6,0
OptimizedDC,7,6,0
Naive,7,6,0
UnoptimizedDC,7,6,0
OptimizedDC,7,6,0
Naive,7,7,0
UnoptimizedDC,7,7,0
OptimizedDC,7,7,0
Naive,7,7,0
UnoptimizedDC,7,7,0
OptimizedDC,7,7,0
Naive,7,7,0
UnoptimizedDC,7,7,0
OptimizedDC,7,7,0
Naive,7,7,0
UnoptimizedDC,7,7,0
OptimizedDC,7,7,0
Naive,7,7,0
UnoptimizedDC,7,7,0
OptimizedDC,7,7,0
Naive,7,7,0
UnoptimizedDC,7,7,0
OptimizedDC,7,7,0
Naive,7,7,0
UnoptimizedDC,7,7,0
OptimizedDC,7,7,0
Naive,7,7,0
UnoptimizedDC,7,7,0
OptimizedDC,7,7,0
Naive,7,7,0
UnoptimizedDC,7,7,0
OptimizedDC,7,7,0
Naive,7,7,0
UnoptimizedDC,7,7,0
OptimizedDC,7,7,0
Naive,7,8,0
UnoptimizedDC,7,8,0
OptimizedDC,7,8,0
Naive,7,8,0
UnoptimizedDC,7,8,0
OptimizedDC,7,8,0
Naive,7,8,0
UnoptimizedDC,7,8,0
OptimizedDC,7,8,0
Naive,7,8,0
UnoptimizedDC,7,8,0
OptimizedDC,7,8,0
Naive,7,8,0
UnoptimizedDC,7,8,0
OptimizedDC,7,8,0
Naive,7,8,0
UnoptimizedDC,7,8,0
OptimizedDC,7,8,0
Naive,7,8,0
UnoptimizedDC,7,8,0
OptimizedDC,7,8,0
Naive,7,8,0
UnoptimizedDC,7,8,0
OptimizedDC,7,8,0
Naive,7,8,0
UnoptimizedDC,7,8,0
OptimizedDC,7,8,0
Naive,7,8,0
UnoptimizedDC,7,8,0
OptimizedDC,7,8,0
Naive,7,9,0
UnoptimizedDC,7,9,0
OptimizedDC,7,9,0
Naive,7,9,0
UnoptimizedDC,7,9,0
OptimizedDC,7,9,0
Naive,7,9,0
UnoptimizedDC,7,9,0
OptimizedDC,7,9,0
Naive,7,9,0
UnoptimizedDC,7,9,0
OptimizedDC,7,9,0
Naive,7,9,0
UnoptimizedDC,7,9,0
OptimizedDC,7,9,0
Naive,7,9,0
UnoptimizedDC,7,9,0
OptimizedDC,7,9,0
Naive,7,9,0
UnoptimizedDC,7,9,0
OptimizedDC,7,9,0
Naive,7,9,0
UnoptimizedDC,7,9,0
OptimizedDC,7,9,0
Naive,7,9,0
UnoptimizedDC,7,9,0
OptimizedDC,7,9,0
Naive,7,9,0
UnoptimizedDC,7,9,0
OptimizedDC,7,9,0
Naive,7,10,0
UnoptimizedDC,7,10,0
OptimizedDC,7,10,0
Naive,7,10,0
UnoptimizedDC,7,10,0
OptimizedDC,7,10,0
Naive,7,10,0
UnoptimizedDC,7,10,0
OptimizedDC,7,10,0
Naive,7,10,0
UnoptimizedDC,7,10,0
OptimizedDC,7,10,0
Naive,7,10,0
UnoptimizedDC,7,10,0
OptimizedDC,7,10,0
Naive,7,10,0
UnoptimizedDC,7,10,0
OptimizedDC,7,10,0
Naive,7,10,0
UnoptimizedDC,7,10,0
OptimizedDC,7,10,0
Naive,7,10,0
UnoptimizedDC,7,10,0
OptimizedDC,7,10,0
Naive,7,10,0
UnoptimizedDC,7,10,0
OptimizedDC,7,10,0
Naive,7,10,0
UnoptimizedDC,7,10,0
OptimizedDC,7,10,0
Naive,8,1,0
UnoptimizedDC,8,1,0
OptimizedDC,8,1,0
Naive,8,1,0
UnoptimizedDC,8,1,0
OptimizedDC,8,1,0
Naive,8,1,0
UnoptimizedDC,8,1,0
OptimizedDC,8,1,0
Naive,8,1,0
UnoptimizedDC,8,1,0
OptimizedDC,8,1,0
Naive,8,1,0
UnoptimizedDC,8,1,0
OptimizedDC,8,1,0
Naive,8,1,0
UnoptimizedDC,8,1,0
OptimizedDC,8,1,0
Naive,8,1,0
UnoptimizedDC,8,1,0
OptimizedDC,8,1,0
Naive,8,1,0
UnoptimizedDC,8,1,0
OptimizedDC,8,1,0
Naive,8,1,0
UnoptimizedDC,8,1,0
OptimizedDC,8,1,0
Naive,8,1,0
UnoptimizedDC,8,1,0
OptimizedDC,8,1,0
Naive,8,2,0
UnoptimizedDC,8,2,0
OptimizedDC,8,2,0
Naive,8,2,0
UnoptimizedDC,8,2,0
OptimizedDC,8,2,0
Naive,8,2,0
UnoptimizedDC,8,2,0
OptimizedDC,8,2,0
Naive,8,2,0
UnoptimizedDC,8,2,0
OptimizedDC,8,2,0
Naive,8,2,0
UnoptimizedDC,8,2,0
OptimizedDC,8,2,0
Naive,8,2,0
UnoptimizedDC,8,2,0
OptimizedDC,8,2,0
Naive,8,2,0
UnoptimizedDC,8,2,0
OptimizedDC,8,2,0
Naive,8,2,0
UnoptimizedDC,8,2,0
OptimizedDC,8,2,0
Naive,8,2,0
UnoptimizedDC,8,2,0
OptimizedDC,8,2,0
Naive,8,2,0
UnoptimizedDC,8,2,0
OptimizedDC,8,2,0
Naive,8,3,0
UnoptimizedDC,8,3,0
OptimizedDC,8,3,0
Naive,8,3,0
UnoptimizedDC,8,3,0
OptimizedDC,8,3,0
Naive,8,3,0
UnoptimizedDC,8,3,0
OptimizedDC,8,3,0
Naive,8,3,0
UnoptimizedDC,8,3,0
OptimizedDC,8,3,0
Naive,8,3,0
UnoptimizedDC,8,3,0
OptimizedDC,8,3,0
Naive,8,3,0
UnoptimizedDC,8,3,0
OptimizedDC,8,3,0
Naive,8,3,0
UnoptimizedDC,8,3,0
OptimizedDC,8,3,0
Naive,8,3,0
UnoptimizedDC,8,3,0
OptimizedDC,8,3,0
Naive,8,3,0
UnoptimizedDC,8,3,0
OptimizedDC,8,3,0
Naive,8,3,0
UnoptimizedDC,8,3,0
OptimizedDC,8,3,0
Naive,8,4,0
UnoptimizedDC,8,4,0
OptimizedDC,8,4,0
Naive,8,4,0
UnoptimizedDC,8,4,0
OptimizedDC,8,4,0
Naive,8,4,0
UnoptimizedDC,8,4,0
OptimizedDC,8,4,0
Naive,8,4,0
UnoptimizedDC,8,4,0
OptimizedDC,8,4,0
Naive,8,4,0
UnoptimizedDC,8,4,0
OptimizedDC,8,4,0
Naive,8,4,0
UnoptimizedDC,8,4,0
OptimizedDC,8,4,0
Naive,8,4,0
UnoptimizedDC,8,4,0
OptimizedDC,8,4,0
Naive,8,4,0
UnoptimizedDC,8,4,0
OptimizedDC,8,4,0
Naive,8,4,0
UnoptimizedDC,8,4,0
OptimizedDC,8,4,0
Naive,8,4,0
UnoptimizedDC,8,4,0
OptimizedDC,8,4,0
Naive,8,5,0
UnoptimizedDC,8,5,0
OptimizedDC,8,5,0
Naive,8,5,0
UnoptimizedDC,8,5,0
OptimizedDC,8,5,0
Naive,8,5,0
UnoptimizedDC,8,5,0
OptimizedDC,8,5,0
Naive,8,5,0
UnoptimizedDC,8,5,0
OptimizedDC,8,5,0
Naive,8,5,0
UnoptimizedDC,8,5,0
OptimizedDC,8,5,0
Naive,8,5,0
UnoptimizedDC,8,5,0
OptimizedDC,8,5,0
Naive,8,5,0
UnoptimizedDC,8,5,0
OptimizedDC,8,5,0
Naive,8,5,0
UnoptimizedDC,8,5,0
OptimizedDC,8,5,0
Naive,8,5,0
UnoptimizedDC,8,5,0
OptimizedDC,8,5,0
Naive,8,5,0
UnoptimizedDC,8,5,0
OptimizedDC,8,5,0
Naive,8,6,0
UnoptimizedDC,8,6,0
OptimizedDC,8,6,0
Naive,8,6,0
UnoptimizedDC,8,6,0
OptimizedDC,8,6,0
Naive,8,6,0
UnoptimizedDC,8,6,0
OptimizedDC,8,6,0
Naive,8,6,0
UnoptimizedDC,8,6,0
OptimizedDC,8,6,0
Naive,8,6,0
UnoptimizedDC,8,6,0
OptimizedDC,8,6,0
Naive,8,6,0
UnoptimizedDC,8,6,0
OptimizedDC,8,6,0
Naive,8,6,0
UnoptimizedDC,8,6,0
OptimizedDC,8,6,0
Naive,8,6,0
UnoptimizedDC,8,6,0
OptimizedDC,8,6,0
Naive,8,6,0
UnoptimizedDC,8,6,0
OptimizedDC,8,6,0
Naive,8,6,0
UnoptimizedDC,8,6,0
OptimizedDC,8,6,0
Naive,8,7,0
UnoptimizedDC,8,7,0
OptimizedDC,8,7,0
Naive,8,7,0
UnoptimizedDC,8,7,0
OptimizedDC,8,7,0
Naive,8,7,0
UnoptimizedDC,8,7,0
OptimizedDC,8,7,0
Naive,8,7,0
UnoptimizedDC,8,7,0
OptimizedDC,8,7,0
Naive,8,7,0
UnoptimizedDC,8,7,0
OptimizedDC,8,7,0
Naive,8,7,0
UnoptimizedDC,8,7,0
OptimizedDC,8,7,0
Naive,8,7,0
UnoptimizedDC,8,7,0
OptimizedDC,8,7,0
Naive,8,7,0
UnoptimizedDC,8,7,0
OptimizedDC,8,7,0
Naive,8,7,0
UnoptimizedDC,8,7,0
OptimizedDC,8,7,0
Naive,8,7,0
UnoptimizedDC,8,7,0
OptimizedDC,8,7,0
Naive,8,8,0
UnoptimizedDC,8,8,0
OptimizedDC,8,8,0
Naive,8,8,0
UnoptimizedDC,8,8,0
OptimizedDC,8,8,0
Naive,8,8,0
UnoptimizedDC,8,8,0
OptimizedDC,8,8,0
Naive,8,8,0
UnoptimizedDC,8,8,0
OptimizedDC,8,8,0
Naive,8,8,0
UnoptimizedDC,8,8,0
OptimizedDC,8,8,0
Naive,8,8,0
UnoptimizedDC,8,8,0
OptimizedDC,8,8,0
Naive,8,8,0
UnoptimizedDC,8,8,0
OptimizedDC,8,8,0
Naive,8,8,0
UnoptimizedDC,8,8,0
OptimizedDC,8,8,0
Naive,8,8,0
UnoptimizedDC,8,8,0
OptimizedDC,8,8,0
Naive,8,8,0
UnoptimizedDC,8,8,0
OptimizedDC,8,8,0
Naive,8,9,0
UnoptimizedDC,8,9,0
OptimizedDC,8,9,0
Naive,8,9,0
UnoptimizedDC,8,9,0
OptimizedDC,8,9,0
Naive,8,9,0
UnoptimizedDC,8,9,0
OptimizedDC,8,9,0
Naive,8,9,0
UnoptimizedDC,8,9,0
OptimizedDC,8,9,0
Naive,8,9,0
UnoptimizedDC,8,9,0
OptimizedDC,8,9,0
Naive,8,9,0
UnoptimizedDC,8,9,0
OptimizedDC,8,9,0
Naive,8,9,0
UnoptimizedDC,8,9,0
OptimizedDC,8,9,0
Naive,8,9,0
UnoptimizedDC,8,9,0
OptimizedDC,8,9,0
Naive,8,9,0
UnoptimizedDC,8,9,0
OptimizedDC,8,9,0
Naive,8,9,0
UnoptimizedDC,8,9,0
OptimizedDC,8,9,0
Naive,8,10,0
UnoptimizedDC,8,10,0
OptimizedDC,8,10,0
Naive,8,10,0
UnoptimizedDC,8,10,0
OptimizedDC,8,10,0
Naive,8,10,0
UnoptimizedDC,8,10,0
OptimizedDC,8,10,0
Naive,8,10,0
UnoptimizedDC,8,10,0
OptimizedDC,8,10,0
Naive,8,10,0
UnoptimizedDC,8,10,0
OptimizedDC,8,10,0
Naive,8,10,0
UnoptimizedDC,8,10,0
OptimizedDC,8,10,0
Naive,8,10,0
UnoptimizedDC,8,10,0
OptimizedDC,8,10,0
Naive,8,10,0
UnoptimizedDC,8,10,0
OptimizedDC,8,10,0
Naive,8,10,0
UnoptimizedDC,8,10,0
OptimizedDC,8,10,0
Naive,8,10,0
UnoptimizedDC,8,10,0
OptimizedDC,8,10,0
Naive,9,1,0
UnoptimizedDC,9,1,0
OptimizedDC,9,1,0
Naive,9,1,0
UnoptimizedDC,9,1,0
OptimizedDC,9,1,0
Naive,9,1,0
UnoptimizedDC,9,1,0
OptimizedDC,9,1,0
Naive,9,1,0
UnoptimizedDC,9,1,0
OptimizedDC,9,1,0
Naive,9,1,0
UnoptimizedDC,9,1,0
OptimizedDC,9,1,0
Naive,9,1,0
UnoptimizedDC,9,1,0
OptimizedDC,9,1,0
Naive,9,1,0
UnoptimizedDC,9,1,0
OptimizedDC,9,1,0
Naive,9,1,0
UnoptimizedDC,9,1,0
OptimizedDC,9,1,0
Naive,9,1,0
UnoptimizedDC,9,1,0
OptimizedDC,9,1,0
Naive,9,1,0
UnoptimizedDC,9,1,0
OptimizedDC,9,1,0
Naive,9,2,0
UnoptimizedDC,9,2,0
OptimizedDC,9,2,0
Naive,9,2,0
UnoptimizedDC,9,2,0
OptimizedDC,9,2,0
Naive,9,2,0
UnoptimizedDC,9,2,0
OptimizedDC,9,2,0
Naive,9,2,0
UnoptimizedDC,9,2,0
OptimizedDC,9,2,0
Naive,9,2,0
UnoptimizedDC,9,2,0
OptimizedDC,9,2,0
Naive,9,2,0
UnoptimizedDC,9,2,0
OptimizedDC,9,2,0
Naive,9,2,0
UnoptimizedDC,9,2,0
OptimizedDC,9,2,0
Naive,9,2,0
UnoptimizedDC,9,2,0
OptimizedDC,9,2,0
Naive,9,2,0
UnoptimizedDC,9,2,0
OptimizedDC,9,2,0
Naive,9,2,0
UnoptimizedDC,9,2,0
OptimizedDC,9,2,0
Naive,9,3,0
UnoptimizedDC,9,3,0
OptimizedDC,9,3,0
Naive,9,3,0
UnoptimizedDC,9,3,0
OptimizedDC,9,3,0
Naive,9,3,0
UnoptimizedDC,9,3,0
OptimizedDC,9,3,0
Naive,9,3,0
UnoptimizedDC,9,3,0
OptimizedDC,9,3,0
Naive,9,3,0
UnoptimizedDC,9,3,0
OptimizedDC,9,3,0
Naive,9,3,0
UnoptimizedDC,9,3,0
OptimizedDC,9,3,0
Naive,9,3,0
UnoptimizedDC,9,3,0
OptimizedDC,9,3,0
Naive,9,3,0
UnoptimizedDC,9,3,0
OptimizedDC,9,3,0
Naive,9,3,0
UnoptimizedDC,9,3,0
OptimizedDC,9,3,0
Naive,9,3,0
UnoptimizedDC,9,3,0
OptimizedDC,9,3,0
Naive,9,4,0
UnoptimizedDC,9,4,0
OptimizedDC,9,4,0
Naive,9,4,0
UnoptimizedDC,9,4,0
OptimizedDC,9,4,0
Naive,9,4,0
UnoptimizedDC,9,4,0
OptimizedDC,9,4,0
Naive,9,4,0
UnoptimizedDC,9,4,0
OptimizedDC,9,4,0
Naive,9,4,0
UnoptimizedDC,9,4,0
OptimizedDC,9,4,0
Naive,9,4,0
UnoptimizedDC,9,4,0
OptimizedDC,9,4,0
Naive,9,4,0
UnoptimizedDC,9,4,0
OptimizedDC,9,4,0
Naive,9,4,0
UnoptimizedDC,9,4,0
OptimizedDC,9,4,0
Naive,9,4,0
UnoptimizedDC,9,4,0
OptimizedDC,9,4,0
Naive,9,4,0
UnoptimizedDC,9,4,0
OptimizedDC,9,4,0
Naive,9,5,0
UnoptimizedDC,9,5,0
OptimizedDC,9,5,0
Naive,9,5,0
UnoptimizedDC,9,5,0
OptimizedDC,9,5,0
Naive,9,5,0
UnoptimizedDC,9,5,0
OptimizedDC,9,5,0
Naive,9,5,0
UnoptimizedDC,9,5,0
OptimizedDC,9,5,0
Naive,9,5,0
UnoptimizedDC,9,5,0
OptimizedDC,9,5,0
Naive,9,5,0
UnoptimizedDC,9,5,0
OptimizedDC,9,5,0
Naive,9,5,0
UnoptimizedDC,9,5,0
OptimizedDC,9,5,0
Naive,9,5,0
UnoptimizedDC,9,5,0
OptimizedDC,9,5,0
Naive,9,5,0
UnoptimizedDC,9,5,0
OptimizedDC,9,5,0
Naive,9,5,0
UnoptimizedDC,9,5,0
OptimizedDC,9,5,0
Naive,9,6,0
UnoptimizedDC,9,6,0
OptimizedDC,9,6,0
Naive,9,6,0
UnoptimizedDC,9,6,0
OptimizedDC,9,6,0
Naive,9,6,0
UnoptimizedDC,9,6,0
OptimizedDC,9,6,0
Naive,9,6,0
UnoptimizedDC,9,6,0
OptimizedDC,9,6,0
Naive,9,6,0
UnoptimizedDC,9,6,0
OptimizedDC,9,6,0
Naive,9,6,0
UnoptimizedDC,9,6,0
OptimizedDC,9,6,0
Naive,9,6,0
UnoptimizedDC,9,6,0
OptimizedDC,9,6,0
Naive,9,6,0
UnoptimizedDC,9,6,0
OptimizedDC,9,6,0
Naive,9,6,0
UnoptimizedDC,9,6,0
OptimizedDC,9,6,0
Naive,9,6,0
UnoptimizedDC,9,6,0
OptimizedDC,9,6,0
Naive,9,7,0
UnoptimizedDC,9,7,0
OptimizedDC,9,7,0
Naive,9,7,0
UnoptimizedDC,9,7,0
OptimizedDC,9,7,0
Naive,9,7,0
UnoptimizedDC,9,7,0
OptimizedDC,9,7,0
Naive,9,7,0
UnoptimizedDC,9,7,0
OptimizedDC,9,7,0
Naive,9,7,0
UnoptimizedDC,9,7,0
OptimizedDC,9,7,0
Naive,9,7,0
UnoptimizedDC,9,7,0
OptimizedDC,9,7,0
Naive,9,7,0
UnoptimizedDC,9,7,0
OptimizedDC,9,7,0
Naive,9,7,0
UnoptimizedDC,9,7,0
OptimizedDC,9,7,0
Naive,9,7,0
UnoptimizedDC,9,7,0
OptimizedDC,9,7,0
Naive,9,7,0
UnoptimizedDC,9,7,0
OptimizedDC,9,7,0
Naive,9,8,0
UnoptimizedDC,9,8,0
OptimizedDC,9,8,0
Naive,9,8,0
UnoptimizedDC,9,8,0
OptimizedDC,9,8,0
Naive,9,8,0
UnoptimizedDC,9,8,0
OptimizedDC,9,8,0
Naive,9,8,0
UnoptimizedDC,9,8,0
OptimizedDC,9,8,0
Naive,9,8,0
UnoptimizedDC,9,8,0
OptimizedDC,9,8,0
Naive,9,8,0
UnoptimizedDC,9,8,0
OptimizedDC,9,8,0
Naive,9,8,0
UnoptimizedDC,9,8,0
OptimizedDC,9,8,0
Naive,9,8,0
UnoptimizedDC,9,8,0
OptimizedDC,9,8,0
Naive,9,8,0
UnoptimizedDC,9,8,0
OptimizedDC,9,8,0
Naive,9,8,0
UnoptimizedDC,9,8,0
OptimizedDC,9,8,0
Naive,9,9,0
UnoptimizedDC,9,9,0
OptimizedDC,9,9,0
Naive,9,9,0
UnoptimizedDC,9,9,0
OptimizedDC,9,9,0
Naive,9,9,0
UnoptimizedDC,9,9,0
OptimizedDC,9,9,0
Naive,9,9,0
UnoptimizedDC,9,9,0
OptimizedDC,9,9,0
Naive,9,9,0
UnoptimizedDC,9,9,0
OptimizedDC,9,9,0
Naive,9,9,0
UnoptimizedDC,9,9,0
OptimizedDC,9,9,0
Naive,9,9,0
UnoptimizedDC,9,9,0
OptimizedDC,9,9,0
Naive,9,9,0
UnoptimizedDC,9,9,0
OptimizedDC,9,9,0
Naive,9,9,0
UnoptimizedDC,9,9,0
OptimizedDC,9,9,0
Naive,9,9,0
UnoptimizedDC,9,9,0
OptimizedDC,9,9,0
Naive,9,10,0
UnoptimizedDC,9,10,0
OptimizedDC,9,10,0
Naive,9,10,0
UnoptimizedDC,9,10,0
OptimizedDC,9,10,0
Naive,9,10,0
UnoptimizedDC,9,10,0
OptimizedDC,9,10,0
Naive,9,10,0
UnoptimizedDC,9,10,0
OptimizedDC,9,10,0
Naive,9,10,0
UnoptimizedDC,9,10,0
OptimizedDC,9,10,0
Naive,9,10,0
UnoptimizedDC,9,10,0
OptimizedDC,9,10,0
Naive,9,10,0
UnoptimizedDC,9,10,0
OptimizedDC,9,10,0
Naive,9,10,0
UnoptimizedDC,9,10,0
OptimizedDC,9,10,0
Naive,9,10,0
UnoptimizedDC,9,10,0
OptimizedDC,9,10,0
Naive,9,10,0
UnoptimizedDC,9,10,0
OptimizedDC,9,10,0
Naive,10,1,0
UnoptimizedDC,10,1,0
OptimizedDC,10,1,0
Naive,10,1,0
UnoptimizedDC,10,1,0
OptimizedDC,10,1,0
Naive,10,1,0
UnoptimizedDC,10,1,0
OptimizedDC,10,1,0
Naive,10,1,0
UnoptimizedDC,10,1,0
OptimizedDC,10,1,0
Naive,10,1,0
UnoptimizedDC,10,1,0
OptimizedDC,10,1,0
Naive,10,1,0
UnoptimizedDC,10,1,0
OptimizedDC,10,1,0
Naive,10,1,0
UnoptimizedDC,10,1,0
OptimizedDC,10,1,0
Naive,10,1,0
UnoptimizedDC,10,1,0
OptimizedDC,10,1,0
Naive,10,1,0
UnoptimizedDC,10,1,0
OptimizedDC,10,1,0
Naive,10,1,0
UnoptimizedDC,10,1,0
OptimizedDC,10,1,0
Naive,10,2,0
UnoptimizedDC,10,2,0
OptimizedDC,10,2,0
Naive,10,2,0
UnoptimizedDC,10,2,0
OptimizedDC,10,2,0
Naive,10,2,0
UnoptimizedDC,10,2,0
OptimizedDC,10,2,0
Naive,10,2,0
UnoptimizedDC,10,2,0
OptimizedDC,10,2,0
Naive,10,2,0
UnoptimizedDC,10,2,0
OptimizedDC,10,2,0
Naive,10,2,0
UnoptimizedDC,10,2,0
OptimizedDC,10,2,0
Naive,10,2,0
UnoptimizedDC,10,2,0
OptimizedDC,10,2,0
Naive,10,2,0
UnoptimizedDC,10,2,0
OptimizedDC,10,2,0
Naive,10,2,0
UnoptimizedDC,10,2,0
OptimizedDC,10,2,0
Naive,10,2,0
UnoptimizedDC,10,2,0
OptimizedDC,10,2,0
Naive,10,3,0
UnoptimizedDC,10,3,0
OptimizedDC,10,3,0
Naive,10,3,0
UnoptimizedDC,10,3,0
OptimizedDC,10,3,0
Naive,10,3,0
UnoptimizedDC,10,3,0
OptimizedDC,10,3,0
Naive,10,3,0
UnoptimizedDC,10,3,0
OptimizedDC,10,3,0
Naive,10,3,0
UnoptimizedDC,10,3,0
OptimizedDC,10,3,0
Naive,10,3,0
UnoptimizedDC,10,3,0
OptimizedDC,10,3,0
Naive,10,3,0
UnoptimizedDC,10,3,0
OptimizedDC,10,3,0
Naive,10,3,0
UnoptimizedDC,10,3,0
OptimizedDC,10,3,0
Naive,10,3,0
UnoptimizedDC,10,3,0
OptimizedDC,10,3,0
Naive,10,3,0
UnoptimizedDC,10,3,0
OptimizedDC,10,3,0
Naive,10,4,0
UnoptimizedDC,10,4,0
OptimizedDC,10,4,0
Naive,10,4,0
UnoptimizedDC,10,4,0
OptimizedDC,10,4,0
Naive,10,4,0
UnoptimizedDC,10,4,0
OptimizedDC,10,4,0
Naive,10,4,0
UnoptimizedDC,10,4,0
OptimizedDC,10,4,0
Naive,10,4,0
UnoptimizedDC,10,4,0
OptimizedDC,10,4,0
Naive,10,4,0
UnoptimizedDC,10,4,0
OptimizedDC,10,4,0
Naive,10,4,0
UnoptimizedDC,10,4,0
OptimizedDC,10,4,0
Naive,10,4,0
UnoptimizedDC,10,4,0
OptimizedDC,10,4,0
Naive,10,4,0
UnoptimizedDC,10,4,0
OptimizedDC,10,4,0
Naive,10,4,0
UnoptimizedDC,10,4,0
OptimizedDC,10,4,0
Naive,10,5,0
UnoptimizedDC,10,5,0
OptimizedDC,10,5,0
Naive,10,5,0
UnoptimizedDC,10,5,0
OptimizedDC,10,5,0
Naive,10,5,0
UnoptimizedDC,10,5,0
OptimizedDC,10,5,0
Naive,10,5,0
UnoptimizedDC,10,5,0
OptimizedDC,10,5,0
Naive,10,5,0
UnoptimizedDC,10,5,0
OptimizedDC,10,5,0
Naive,10,5,0
UnoptimizedDC,10,5,0
OptimizedDC,10,5,0
Naive,10,5,0
UnoptimizedDC,10,5,0
OptimizedDC,10,5,0
Naive,10,5,0
UnoptimizedDC,10,5,0
OptimizedDC,10,5,0
Naive,10,5,0
UnoptimizedDC,10,5,0
OptimizedDC,10,5,0
Naive,10,5,0
UnoptimizedDC,10,5,0
OptimizedDC,10,5,0
Naive,10,6,0
UnoptimizedDC,10,6,0
OptimizedDC,10,6,0
Naive,10,6,0
UnoptimizedDC,10,6,0
OptimizedDC,10,6,0
Naive,10,6,0
UnoptimizedDC,10,6,0
OptimizedDC,10,6,0
Naive,10,6,0
UnoptimizedDC,10,6,0
OptimizedDC,10,6,0
Naive,10,6,0
UnoptimizedDC,10,6,0
OptimizedDC,10,6,0
Naive,10,6,0
UnoptimizedDC,10,6,0
OptimizedDC,10,6,0
Naive,10,6,0
UnoptimizedDC,10,6,0
OptimizedDC,10,6,0
Naive,10,6,0
UnoptimizedDC,10,6,0
OptimizedDC,10,6,0
Naive,10,6,0
UnoptimizedDC,10,6,0
OptimizedDC,10,6,0
Naive,10,6,0
UnoptimizedDC,10,6,0
OptimizedDC,10,6,0
Naive,10,7,0
UnoptimizedDC,10,7,0
OptimizedDC,10,7,0
Naive,10,7,0
UnoptimizedDC,10,7,0
OptimizedDC,10,7,0
Naive,10,7,0
UnoptimizedDC,10,7,0
OptimizedDC,10,7,0
Naive,10,7,0
UnoptimizedDC,10,7,0
OptimizedDC,10,7,0
Naive,10,7,0
UnoptimizedDC,10,7,0
OptimizedDC,10,7,0
Naive,10,7,0
UnoptimizedDC,10,7,0
OptimizedDC,10,7,0
Naive,10,7,0
UnoptimizedDC,10,7,0
OptimizedDC,10,7,0
Naive,10,7,0
UnoptimizedDC,10,7,0
OptimizedDC,10,7,0
Naive,10,7,0
UnoptimizedDC,10,7,0
OptimizedDC,10,7,0
Naive,10,7,0
UnoptimizedDC,10,7,0
OptimizedDC,10,7,0
Naive,10,8,0
UnoptimizedDC,10,8,0
OptimizedDC,10,8,0
Naive,10,8,0
UnoptimizedDC,10,8,0
OptimizedDC,10,8,0
Naive,10,8,0
UnoptimizedDC,10,8,0
OptimizedDC,10,8,0
Naive,10,8,0
UnoptimizedDC,10,8,0
OptimizedDC,10,8,0
Naive,10,8,0
UnoptimizedDC,10,8,0
OptimizedDC,10,8,0
Naive,10,8,0
UnoptimizedDC,10,8,0
OptimizedDC,10,8,0
Naive,10,8,0
UnoptimizedDC,10,8,0
OptimizedDC,10,8,0
Naive,10,8,0
UnoptimizedDC,10,8,0
OptimizedDC,10,8,0
Naive,10,8,0
UnoptimizedDC,10,8,0
OptimizedDC,10,8,0
Naive,10,8,0
UnoptimizedDC,10,8,0
OptimizedDC,10,8,0
Naive,10,9,0
UnoptimizedDC,10,9,0
OptimizedDC,10,9,0
Naive,10,9,0
UnoptimizedDC,10,9,0
OptimizedDC,10,9,0
Naive,10,9,0
UnoptimizedDC,10,9,0
OptimizedDC,10,9,0
Naive,10,9,0
UnoptimizedDC,10,9,0
OptimizedDC,10,9,0
Naive,10,9,0
UnoptimizedDC,10,9,0
OptimizedDC,10,9,0
Naive,10,9,0
UnoptimizedDC,10,9,0
OptimizedDC,10,9,0
Naive,10,9,0
UnoptimizedDC,10,9,0
OptimizedDC,10,9,0
Naive,10,9,0
UnoptimizedDC,10,9,0
OptimizedDC,10,9,0
Naive,10,9,0
UnoptimizedDC,10,9,0
OptimizedDC,10,9,0
Naive,10,9,0
UnoptimizedDC,10,9,0
OptimizedDC,10,9,0
Naive,10,10,0
UnoptimizedDC,10,10,0
OptimizedDC,10,10,0
Naive,10,10,0
UnoptimizedDC,10,10,0
OptimizedDC,10,10,0
Naive,10,10,0
UnoptimizedDC,10,10,0
OptimizedDC,10,10,0
Naive,10,10,0
UnoptimizedDC,10,10,0
OptimizedDC,10,10,0
Naive,10,10,0
UnoptimizedDC,10,10,0
OptimizedDC,10,10,0
Naive,10,10,0
UnoptimizedDC,10,10,0
OptimizedDC,10,10,0
Naive,10,10,0
UnoptimizedDC,10,10,0
OptimizedDC,10,10,0
Naive,10,10,0
UnoptimizedDC,10,10,0
OptimizedDC,10,10,0
Naive,10,10,0
UnoptimizedDC,10,10,0
OptimizedDC,10,10,0
Naive,10,10,0
UnoptimizedDC,10,10,0
OptimizedDC,10,10,0
